<?xml version="1.0" encoding="UTF-8"?><?xml-stylesheet type='text/xsl' href='_UpgradeReport_Files/UpgradeReport.xslt'?><UpgradeLog>
<Properties><Property Name="Solution" Value="TryParse Example">
</Property><Property Name="Solution File" Value="D:\sovb4\examples\Chap3\TryParse Example\TryParse Example.sln">
</Property><Property Name="Date" Value="Monday, June 04, 2007">
</Property><Property Name="Time" Value="16:05 PM">
</Property></Properties><Event ErrorLevel="0" Project="TryParse Example" Source="TryParse Example.vbproj" Description="Project converted successfully">
</Event><Event ErrorLevel="3" Project="TryParse Example" Source="TryParse Example.vbproj" Description="Converted">
</Event><Event ErrorLevel="0" Project="" Source="TryParse Example.sln" Description="Solution converted successfully">
</Event><Event ErrorLevel="3" Project="" Source="TryParse Example.sln" Description="Converted">
</Event><Event ErrorLevel="0" Project="TryParse Example" Source="TryParse Example.vbproj" Description="Scan complete: Upgrade not required for project files.">
</Event></UpgradeLog>