<?xml version="1.0" encoding="UTF-8"?><?xml-stylesheet type='text/xsl' href='_UpgradeReport_Files/UpgradeReport.xslt'?><UpgradeLog>
<Properties><Property Name="Solution" Value="Greetings">
</Property><Property Name="Solution File" Value="D:\sovb4\examples\Chap3\Greetings\Greetings.sln">
</Property><Property Name="Date" Value="Monday, June 04, 2007">
</Property><Property Name="Time" Value="11:07 AM">
</Property></Properties><Event ErrorLevel="0" Project="Greetings" Source="Greetings.vbproj" Description="Project converted successfully">
</Event><Event ErrorLevel="3" Project="Greetings" Source="Greetings.vbproj" Description="Converted">
</Event><Event ErrorLevel="0" Project="" Source="Greetings.sln" Description="Solution converted successfully">
</Event><Event ErrorLevel="3" Project="" Source="Greetings.sln" Description="Converted">
</Event><Event ErrorLevel="0" Project="Greetings" Source="Greetings.vbproj" Description="Scan complete: Upgrade not required for project files.">
</Event></UpgradeLog>